# tinyGPT fact benchmark, 336 items (rebuilt 2026-09-29): category <TAB> difficulty <TAB> prompt <TAB> correct continuation <TAB> distractor|distractor|distractor
# Every distractor is a near miss from the same class as the answer, and prompts avoid stock phrases that would give the answer away.
# An item is correct when the model gives the correct continuation a higher log-probability per character than every distractor (chance 25%).
# The realistic floor is the accuracy with each question's words shuffled; it is reported next to every score.
# Difficulty is set by calibrate_probes.py from open reference models: easy if at least 3/4 answer correctly, hard if at most 1/4.
# Established textbook facts only: a proxy for factual reliability, not a hallucination rate. Keep these items out of every training set.
population genetics	hard	If a recessive disease affects one in 10,000 newborns in a population at Hardy-Weinberg equilibrium, the frequency of carriers is roughly one in	50	100|25|200
population genetics	hard	Under complete self-fertilisation, the proportion of heterozygous individuals, compared with the previous generation, is	halved	quartered|doubled|unchanged
population genetics	hard	As a favourable mutation sweeps rapidly to fixation, neutral genetic diversity at tightly linked sites	decreases	increases|stays constant|doubles
population genetics	hard	In an idealised diploid population of 50 individuals, drift reduces expected heterozygosity each generation by	1 percent	2 percent|0.5 percent|10 percent
population genetics	hard	The inbreeding coefficient of a child whose parents are first cousins is	1/16	1/8|1/4|1/32
population genetics	easy	Starting from arbitrary genotype frequencies at an autosomal locus with equal allele frequencies in both sexes, random mating establishes Hardy-Weinberg proportions after	one generation	two generations|ten generations|many generations
population genetics	hard	When census size fluctuates from generation to generation, the long-term effective population size is approximately the	harmonic mean	arithmetic mean|geometric mean|quadratic mean
population genetics	easy	The pattern in which genetic differentiation between populations grows steadily with the geographic separation between them is called	isolation by distance	isolation by environment|isolation by adaptation|genetic hitchhiking
population genetics	easy	In a diploid population of N individuals, the probability that a single new neutral mutation eventually becomes fixed is	1/(2N)	1/N|1/(4N)|1/N^2
population genetics	hard	Pooling samples from genetically differentiated subpopulations causes the observed proportion of heterozygotes, relative to Hardy-Weinberg expectation, to be	lower	higher|unchanged|doubled
population genetics	easy	With recombination fraction r between two loci, linkage disequilibrium in a large random-mating population is multiplied each generation by	1 - r	1 + r|1 - 2r|r^2
population genetics	medium	At mutation-selection balance, with mutation rate u and selection coefficient s, a fully recessive deleterious allele has an equilibrium frequency near	sqrt(u/s)	(u/s)^2|u/(2s)|sqrt(s/u)
population genetics	easy	In a diploid population of constant effective size N, the expected time back to the common ancestor of two gene copies is	2N generations	4N generations|8N generations|N/2 generations
population genetics	medium	An excess of rare variants produced by a recent population expansion makes Tajima's D	negative	positive|zero|undefined
population genetics	easy	Watterson's estimator of the population mutation rate is based on the observed number of	segregating sites	pairwise differences|singleton variants|distinct haplotypes
population genetics	easy	Reductions in neutral diversity caused by background selection are strongest in genomic regions with low	recombination rates	mutation rates|gene density|selective constraint
population genetics	hard	Using Wright's formula for unequal numbers of the sexes, a population with 10 breeding males and 90 breeding females has an effective size of	36	100|20|18
population genetics	hard	Conditional on eventually fixing, a new neutral mutation in a diploid population of effective size N takes on average about	4N generations	2N generations|8N generations|N/2 generations
population genetics	hard	In a large population with a constant selfing rate of 50 percent, the equilibrium inbreeding coefficient is	1/3	1/2|1/4|2/3
population genetics	hard	The neutrality test that uses an outgroup to detect an excess of derived alleles at high frequency, as left by a recent sweep, is	Fay and Wu's H	Tajima's D|Fu and Li's D|Fu's Fs
population genetics	hard	In Wright's island model for a diploid species, if each deme receives one migrant per generation, the equilibrium FST is about	0.2	0.5|0.1|0.05
population genetics	easy	With equal numbers of breeding males and females, the effective size for X-linked genes, as a fraction of the autosomal value, is	three quarters	one half|one quarter|two thirds
population genetics	hard	Extending Kingman's coalescent so that one sequence can inherit different segments from different parental chromosomes yields a structure called the	ancestral recombination graph	ancestral selection graph|structured coalescent|multispecies coalescent
population genetics	hard	With fitnesses 1-s, 1 and 1-t for genotypes AA, Aa and aa, the stable equilibrium frequency of allele A is	t/(s+t)	s/(s+t)|(s+t)/2|t/(1+t)
quantitative genetics	hard	Selection on a trait with narrow-sense heritability 0.4 gives a selection differential of 30, so the expected response to selection is	12	30|18|75
quantitative genetics	hard	If identical twins correlate 0.8 and fraternal twins 0.5 for a trait, Falconer's formula gives a heritability of	0.6	0.3|0.8|0.2
quantitative genetics	hard	If environmental variance increases while genetic variance stays the same, the heritability of the trait	decreases	increases|stays constant|doubles
quantitative genetics	easy	In a population of genetically identical inbred individuals, the heritability of any trait is	zero	one|half|maximal
quantitative genetics	hard	Falconer's liability-threshold model assumes that an unobserved liability to disease in the population follows a	normal distribution	Poisson distribution|uniform distribution|binomial distribution
quantitative genetics	hard	A genetic correlation between two traits arises mainly from linkage disequilibrium and from	pleiotropy	epistasis|dominance|heterosis
quantitative genetics	hard	Because parents transmit alleles rather than whole genotypes, resemblance between parents and offspring depends mainly on the	additive variance	dominance variance|epistatic variance|environmental variance
quantitative genetics	medium	As isolated inbred lines drift apart over generations, the additive genetic variance between lines	increases	decreases|stays constant|disappears
quantitative genetics	hard	Ignoring shared environment, the regression slope of offspring phenotype on the phenotype of a single parent estimates	half the heritability	the full heritability|twice the heritability|the genetic correlation
quantitative genetics	hard	Ignoring epistasis and shared environment, the covariance between full siblings contains half the additive component plus a quarter of the	dominance variance	environmental variance|phenotypic variance|residual variance
quantitative genetics	hard	The phenotypic correlation between identical twins reared apart in uncorrelated environments directly estimates	broad-sense heritability	narrow-sense heritability|genetic correlation|repeatability
quantitative genetics	hard	Under a dominance model of heterosis, the advantage of an F1 hybrid over its parents is reduced in the F2 generation by	one half	one quarter|three quarters|two thirds
quantitative genetics	hard	The indirect response of one trait to selection on another is proportional to the product of the square roots of their heritabilities and their	genetic correlation	phenotypic correlation|environmental correlation|residual correlation
quantitative genetics	hard	Under Fisher's infinitesimal model, selection shifts the trait mean while the frequency of each individual allele changes	negligibly	rapidly|periodically|exponentially
quantitative genetics	hard	At a biallelic locus with allele frequency 0.5 and an average effect of allele substitution of 4 units, the additive genetic variance is	8	4|16|2
quantitative genetics	medium	In the animal model, random breeding values are predicted rather than estimated, using the procedure abbreviated	BLUP	BLUE|REML|OLS
quantitative genetics	hard	Inbreeding depression in the mean of a trait occurs only if the loci affecting that trait show directional	dominance	selection|pleiotropy|linkage
quantitative genetics	hard	The reduction in additive genetic variance caused by linkage disequilibrium that directional selection generates among loci is called the	Bulmer effect	Wahlund effect|Baldwin effect|Allee effect
quantitative genetics	easy	Lande and Arnold measure direct selection on correlated traits using partial regression coefficients of relative fitness called selection	gradients	differentials|intensities|responses
quantitative genetics	hard	When the top half of a normally distributed population is selected, the standardised selection intensity is about	0.8	0.5|1.0|1.4
quantitative genetics	hard	For a binary disease trait, heritability estimated on the observed zero-one scale, compared with the underlying liability scale, is	smaller	larger|identical|negative
quantitative genetics	hard	With complete dominance, the additive variance contributed by a locus is greatest when the frequency of the recessive allele is	0.75	0.5|0.25|0.9
quantitative genetics	hard	The additive genetic covariance between two relatives equals the additive variance multiplied by twice their	coefficient of coancestry	coefficient of relationship|coefficient of fraternity|coefficient of correlation
quantitative genetics	hard	When QST for a quantitative trait greatly exceeds FST at neutral markers, the likeliest explanation is	divergent selection	stabilising selection|genetic drift|uniform selection
evolution	easy	A ratio of nonsynonymous to synonymous substitution rates significantly greater than one is evidence of	positive selection	purifying selection|relaxed constraint|genetic drift
evolution	easy	The Cambrian explosion, when most animal phyla first appear in the fossil record, began roughly	540 million years ago	250 million years ago|440 million years ago|750 million years ago
evolution	easy	The largest mass extinction in the history of animal life occurred at the end of the	Permian	Cretaceous|Ordovician|Devonian
evolution	hard	Under Hamilton's rule, an altruistic act toward a full sibling is favoured only if the benefit exceeds the cost by a factor greater than	two	four|eight|three
evolution	easy	Speciation in which a large ancestral range is split in two by a new geographic barrier is described as	allopatric	sympatric|parapatric|peripatric
evolution	easy	A phylogenetic tree is usually rooted by including a more distantly related taxon known as the	outgroup	ingroup|stem group|crown group
evolution	hard	According to the island rule, large mammals such as elephants that become isolated on small islands tend to evolve	dwarfism	gigantism|flightlessness|melanism
evolution	easy	When only the males or only the females among interspecific hybrids are absent, rare or sterile, the affected ones usually belong to the	heterogametic sex	homogametic sex|larger sex|choosier sex
evolution	easy	In small asexual populations, Muller's ratchet is the irreversible loss of the class of genomes carrying the fewest	deleterious mutations	beneficial mutations|neutral mutations|synonymous mutations
evolution	medium	Hamilton argued that sexual reproduction persists because genetically novel offspring can escape rapidly coevolving	parasites	predators|competitors|mutualists
evolution	hard	Under strict neutrality, if effective population size were ten times larger, the long-term rate of substitution would	stay the same	rise tenfold|fall tenfold|roughly double
evolution	medium	Mitochondria descend from an engulfed endosymbiont belonging to the group	alphaproteobacteria	cyanobacteria|gammaproteobacteria|actinobacteria
evolution	hard	In haplodiploid ants and bees, full sisters sharing the same father have a coefficient of relatedness of	3/4	1/2|1/4|2/3
evolution	easy	Along the embryonic trunk, Hox genes are colinear: their order on the chromosome matches the order of their expression along the	anterior-posterior axis	dorsal-ventral axis|left-right axis|medial-lateral axis
evolution	hard	The McDonald-Kreitman test compares counts of nonsynonymous and synonymous polymorphisms within a species with counts of nonsynonymous and synonymous	fixed differences	segregating sites|singleton variants|intronic variants
evolution	hard	Incomplete lineage sorting is most likely when speciation events are closely spaced and ancestral effective population sizes are	large	small|declining|constant
evolution	easy	The reduced efficacy of selection at one site caused by selection at linked sites in a finite population is called the	Hill-Robertson effect	Bulmer effect|Wahlund effect|Baldwin effect
evolution	hard	In Fisher's geometric model of adaptation, a random mutation of vanishingly small size has a probability of being beneficial of	one half	zero|one quarter|one third
evolution	hard	Lewontin's paradox of variation contrasts the narrow range of neutral diversity across species with the vast range of their	census population sizes	mutation rates|generation times|recombination rates
evolution	medium	A tension zone between two taxa is maintained by a balance between dispersal into the zone and	selection against hybrids	selection for hybrids|environmental gradients|assortative mating
history of science	medium	Thomas Hunt Morgan's 1910 discovery of sex-linked inheritance began with a Drosophila male that had	white eyes	vermilion eyes|vestigial wings|curly wings
history of science	hard	In the Hershey-Chase experiment, the protein coats of bacteriophage T2 were labelled with radioactive	sulfur	phosphorus|carbon|nitrogen
history of science	easy	Chargaff found that in DNA from any species the amount of adenine closely matches the amount of	thymine	guanine|cytosine|uracil
history of science	easy	Draft sequences of the human genome from the public consortium and from Celera were both published in	2001	2003|1998|2005
history of science	easy	The endosymbiotic theory of the origin of mitochondria and chloroplasts was revived and championed in the late 1960s by	Lynn Margulis	Barbara McClintock|Rosalind Franklin|Carl Woese
history of science	easy	Darwin's and Wallace's papers on evolution by natural selection were read together at the Linnean Society of London in	1858	1859|1838|1871
history of science	easy	Dolly the sheep, cloned in 1996 from an adult somatic cell, was made with a nucleus from a cell of the	mammary gland	salivary gland|thyroid gland|adrenal gland
history of science	hard	The Dutch botanist who independently rediscovered Mendel's principles of inheritance in 1900 was	Hugo de Vries	Carl Correns|Erich von Tschermak|William Bateson
history of science	easy	The terms gene, genotype and phenotype were introduced in 1909 by	Wilhelm Johannsen	William Bateson|Hugo de Vries|Carl Correns
history of science	hard	The first genetic linkage map, ordering genes along the Drosophila X chromosome, was constructed in 1913 by	Alfred Sturtevant	Calvin Bridges|Hermann Muller|Thomas Hunt Morgan
history of science	easy	The transformation of harmless pneumococci into virulent ones by heat-killed virulent bacteria was discovered in 1928 by	Frederick Griffith	Oswald Avery|Colin MacLeod|Alfred Hershey
history of science	medium	Avery, MacLeod and McCarty identified DNA as the transforming principle of pneumococcus in	1944	1928|1952|1953
history of science	easy	In 1961, Nirenberg and Matthaei showed that a synthetic RNA made only of uracil directs synthesis of a polypeptide made entirely of	phenylalanine	tyrosine|tryptophan|proline
history of science	hard	The t distribution, published in 1908 under the pseudonym Student, was derived by	William Gosset	Karl Pearson|Ronald Fisher|Egon Pearson
history of science	hard	The Luria-Delbruck fluctuation test showed that bacterial resistance to phage comes from mutations that arise	before exposure	after exposure|during exposure|in response
history of science	hard	Fisher's paper reconciling Mendelian inheritance with the continuous variation studied by the biometricians was published in	1918	1908|1930|1925
history of science	hard	Walter Sutton developed the chromosome theory of inheritance from his observations of meiosis in the testes of	grasshoppers	fruit flies|sea urchins|roundworms
history of science	hard	Crick and Brenner showed that the genetic code is read in triplets by combining frameshift mutations induced by	acridine dyes	ultraviolet light|nitrous acid|base analogues
history of science	hard	A classic long-term selection experiment for oil and protein content in maize began at the University of Illinois in	1896	1906|1886|1926
history of science	hard	Path analysis, a method for partitioning correlations along a diagram of causal links, was devised around 1920 by	Sewall Wright	Ronald Fisher|Karl Pearson|J. B. S. Haldane
statistical genetics	hard	The conventional p-value threshold for declaring an association significant in a human genome-wide association study is	5e-8	5e-6|5e-10|1e-5
statistical genetics	hard	The genomic inflation factor equals the median observed one-degree-of-freedom chi-squared association statistic divided by approximately	0.455	0.5|0.675|3.84
statistical genetics	hard	When LD score regression is applied to GWAS statistics from a study with no confounding or cryptic relatedness, the expected intercept is close to	1.0	0.0|0.5|2.0
statistical genetics	easy	In LD score regression, the slope relating GWAS chi-squared statistics to LD scores is used to estimate	SNP heritability	confounding bias|sample overlap|polygenicity
statistical genetics	medium	When a correlated marker replaces the causal variant in an association test, the sample size needed for equal power is multiplied by one over their	r squared	D prime|Yule's Q|LOD score
statistical genetics	hard	Compared with twin-based estimates for the same trait, heritability estimated from common SNPs in unrelated individuals is usually	substantially lower	substantially higher|exactly equal|slightly higher
statistical genetics	hard	In Mendelian randomization, a genetic instrument that affects the outcome through a pathway bypassing the exposure displays	horizontal pleiotropy	vertical pleiotropy|weak instrument bias|reverse causation
statistical genetics	hard	The weighted median estimator in Mendelian randomization stays consistent as long as the proportion of weight from valid instruments is at least	one half	one third|one quarter|one tenth
statistical genetics	easy	Holding the reference panel fixed, genotype imputation accuracy is generally poorest for variants whose minor allele frequency is	very low	close to 0.5|moderate|about 0.2
statistical genetics	easy	In a case-control GWAS of a binary disease, the association of each variant is usually summarised as	an odds ratio	a relative risk|a hazard ratio|a risk difference
statistical genetics	easy	In a mixed-model association study, the genomic relationship matrix, scaled by a variance component, serves as the covariance matrix of the	random effects	fixed effects|residual errors|covariates
statistical genetics	medium	Because true disease associations can distort genotype frequencies in affected people, GWAS data cleaning usually tests Hardy-Weinberg proportions only in	control samples	case samples|reference samples|replication samples
statistical genetics	medium	With a single causal variant assumed and equal priors, each variant's posterior inclusion probability in fine-mapping is proportional to its	Bayes factor	p-value|LD score|allele frequency
statistical genetics	easy	When a polygenic score built from European-ancestry GWAS is applied to individuals of African ancestry, its prediction accuracy typically	decreases	increases|stays unchanged|doubles
statistical genetics	hard	Because only variants passing a stringent threshold get reported, their effect sizes as measured in that same discovery sample tend to be	overestimated	underestimated|unbiased|reversed in sign
statistical genetics	easy	Converting a case-control SNP heritability estimate from the observed scale to the liability scale requires knowing the trait's	population prevalence	twin concordance|sibling recurrence risk|mean age at onset
statistical genetics	easy	The transmission disequilibrium test compares transmitted with untransmitted alleles, counting only transmissions to affected children from	heterozygous parents	homozygous parents|affected grandparents|unrelated controls
statistical genetics	easy	In classical linkage analysis of a Mendelian disease, the conventional LOD score threshold for declaring significant linkage is	three	two|five|ten
statistical genetics	hard	The LD score of a variant is defined as the sum, over all nearby variants, of its	squared correlations	absolute correlations|D prime values|physical distances
statistical genetics	easy	Including the top principal components of the genotype matrix as covariates in a GWAS mainly protects against false positives caused by	population stratification	allelic heterogeneity|genotype miscalling|incomplete penetrance
statistical genetics	hard	Compared with a burden test, a variance-component test such as SKAT gains power when the rare variants in a gene have effects that are	mixed in sign	all protective|all harmful|all identical
statistical genetics	easy	For a highly polygenic trait with no confounding, doubling the GWAS sample size makes the genomic inflation factor	increase	decrease|stay unchanged|halve
statistical genetics	hard	In the widely used coloc Bayesian method, the hypothesis that two traits share a single causal variant in the region is labelled	H4	H3|H2|H1
statistical genetics	easy	With genotype scores of 0, 1 and 2, the Cochran-Armitage trend test used in case-control GWAS is tailored to a genetic model that is	additive	dominant|recessive|overdominant
statistics and probability	easy	For a fixed significance level and effect size, increasing the sample size makes the probability of a type II error	decrease	increase|stay unchanged|double
statistics and probability	easy	The standard error of the mean of n independent observations shrinks in proportion to one over the	square root of n	cube root of n|logarithm of n|square of n
statistics and probability	easy	The number of events in a fixed interval, when events occur independently at a constant average rate, follows a	Poisson distribution	binomial distribution|geometric distribution|uniform distribution
statistics and probability	easy	In survival analysis, the product-limit estimator of the survival function from censored data is named after	Kaplan and Meier	Nelson and Aalen|Cox and Snell|Mantel and Haenszel
statistics and probability	hard	For independent random variables X and Y, the variance of X minus Y equals the variance of X	plus that of Y	minus that of Y|times that of Y|over that of Y
statistics and probability	easy	For ordinary least squares to be the best linear unbiased estimator, the Gauss-Markov theorem does not require the errors to be	normally distributed	uncorrelated|homoscedastic|of mean zero
statistics and probability	medium	The ratio of two independent chi-squared variables, each divided by its degrees of freedom, follows	an F distribution	a t distribution|a beta distribution|a Cauchy distribution
statistics and probability	easy	The smallest dimension in which the James-Stein estimator dominates the sample mean of a multivariate normal under squared error loss is	three	two|four|five
statistics and probability	easy	In a strongly right-skewed distribution such as household income, the mean usually lies	above the median	below the median|exactly at the median|below the mode
statistics and probability	hard	When the null hypothesis is true and the test statistic is continuous, the p-value itself follows	a uniform distribution	a normal distribution|an exponential distribution|a chi-squared distribution
statistics and probability	hard	When the success probability of a binomial likelihood is given a conjugate prior, that prior is a	beta distribution	gamma distribution|normal distribution|lognormal distribution
statistics and probability	medium	To make the sample variance an unbiased estimator of the population variance, the sum of squared deviations is divided by	n minus one	n plus one|n minus two|n squared
statistics and probability	easy	The Cramer-Rao bound states that the variance of any unbiased estimator is at least the reciprocal of the	Fisher information	likelihood ratio|score statistic|Shannon entropy
statistics and probability	medium	Under regularity conditions, twice the log likelihood ratio comparing two nested models is asymptotically distributed as	chi-squared	standard normal|Student's t|exponential
statistics and probability	hard	If 20 independent tests are each performed at the 0.05 level and every null hypothesis is true, the expected number of false positives is	one	zero|two|five
statistics and probability	hard	With 20 independent tests each at the 0.05 level and all null hypotheses true, the probability of at least one false positive is about	0.64	0.05|0.36|1.00
statistics and probability	hard	A test with 99% sensitivity and 99% specificity, applied to a disease with prevalence one in ten thousand, has a positive predictive value of about	1%	99%|50%|10%
statistics and probability	hard	A variable that is caused by both the exposure and the outcome, and that creates a spurious association when conditioned on, is called	a collider	a confounder|a mediator|an instrument
statistics and probability	easy	Under a normal approximation, a two-sided 95% confidence interval is the estimate plus or minus its standard error multiplied by	1.96	1.64|2.58|2.33
statistics and probability	easy	A Poisson random variable with mean 4 has a standard deviation of	2	4|8|16
statistics and probability	medium	For a two-by-two table with both margins fixed, Fisher's exact test computes its probabilities from the	hypergeometric distribution	binomial distribution|multinomial distribution|chi-squared distribution
statistics and probability	hard	The lower bound that Chebyshev's inequality places on the proportion of any finite-variance distribution lying within two standard deviations of its mean is	75%	95%|50%|89%
statistics and probability	easy	Zero correlation between two random variables guarantees that they are independent whenever the pair is jointly	normal	uniform|symmetric|continuous
statistics and probability	easy	For a simple null versus a simple alternative, the most powerful test at a given size rejects for large values of the	likelihood ratio	Wald statistic|score statistic|sample median
mathematics	medium	With respect to x, the derivative of the natural logarithm of x is	one over x	e to the x|x log x|x minus one
mathematics	easy	Euler's identity states that e raised to the power of i times pi equals	-1	0|i|-i
mathematics	medium	The sum of the first n positive integers equals n times n plus one, all divided by	two	six|four|three
mathematics	hard	As x approaches zero, the ratio of sin x to x tends to	one	zero|two|pi
mathematics	hard	In the Taylor series of e to the x around zero, the coefficient of x cubed is	one sixth	one third|one ninth|one twelfth
mathematics	easy	With k positive, a quantity whose rate of change always equals k times its current value grows	exponentially	linearly|quadratically|logarithmically
mathematics	hard	That there are infinitely many prime numbers was first proved, in ancient Greece, by	Euclid	Eratosthenes|Archimedes|Pythagoras
mathematics	hard	Multiplying every entry of a 3 by 3 matrix by 2 multiplies its determinant by	8	2|6|4
mathematics	easy	The eigenvalues of a Hermitian matrix are always	real numbers	positive numbers|distinct numbers|imaginary numbers
mathematics	easy	The trace of any square matrix is always equal to the	sum of its eigenvalues	product of its eigenvalues|largest of its eigenvalues|sum of its singular values
mathematics	hard	Over the whole real line, the Gaussian integral of e raised to the power minus x times x equals the	square root of pi	square root of two|cube root of pi|square of pi
mathematics	easy	For convex f, the expected value of f of X, compared with f evaluated at the expected value of X, is	at least as large	at most as large|exactly equal|strictly smaller
mathematics	easy	A square matrix fails to be invertible precisely when zero is one of its	eigenvalues	diagonal entries|row sums|column sums
mathematics	hard	The smallest polynomial degree for which no general formula for the roots in radicals exists is	five	four|three|six
mathematics	hard	Euler showed that the sum of the reciprocals of the squares of the positive integers equals pi squared divided by	six	four|eight|twelve
mathematics	easy	The Banach fixed-point theorem guarantees a unique fixed point for any self-map of a complete metric space that is	a contraction	an isometry|a bijection|a homeomorphism
mathematics	hard	By Cayley's formula, the number of spanning trees of the complete graph on n labelled vertices is n raised to the power	n minus two	n minus one|n plus one|n over two
mathematics	medium	The fundamental group of the circle is isomorphic to the	integers	rationals|real numbers|trivial group
mathematics	medium	By Fermat's little theorem, for a prime p not dividing a, a to the power p minus one is congruent modulo p to	1	0|a|p
mathematics	hard	The nonzero singular values of a matrix A are the square roots of the nonzero eigenvalues of	A transpose A	A itself|A plus A transpose|the inverse of A
machine learning	hard	Adding an L1 penalty on the coefficients of a linear regression tends to produce coefficient vectors that are	sparse	dense|smooth|orthogonal
machine learning	easy	Least squares fitting with an added squared L2 penalty on the coefficients is commonly known as	ridge regression	lasso regression|quantile regression|logistic regression
machine learning	easy	In k-nearest-neighbour classification, increasing the number of neighbours k generally makes the variance of the classifier	decrease	increase|stay unchanged|oscillate
machine learning	easy	When growing each tree in a random forest, every split considers only a randomly chosen subset of the	features	observations|thresholds|residuals
machine learning	hard	In scaled dot-product attention, the similarity scores are divided by the square root of the	key dimension	sequence length|number of heads|batch size
machine learning	hard	Principal component analysis chooses orthogonal directions that, one after another, maximise the	projected variance	reconstruction error|class separation|statistical independence
machine learning	easy	Long short-term memory networks were designed chiefly to overcome the difficulty of learning long-range dependencies caused by	vanishing gradients	internal covariate shift|dying ReLU units|weight symmetry
machine learning	easy	Logistic regression assumes that the log-odds of the positive class is a function of the predictors that is	linear	sigmoidal|quadratic|exponential
machine learning	easy	The perceptron, an early learning algorithm for linear classifiers, was introduced in the late 1950s by	Frank Rosenblatt	Marvin Minsky|John McCarthy|Bernard Widrow
machine learning	hard	Dividing the logits by a temperature greater than one before applying softmax makes the output distribution	flatter	sharper|unchanged|one-hot
machine learning	easy	For multi-class classification with a softmax output layer, the standard training objective is the	cross-entropy loss	squared error loss|hinge loss|Huber loss
machine learning	easy	A classifier that assigns its scores completely at random has an expected area under the ROC curve of	0.5	0.0|1.0|0.25
machine learning	easy	A support vector machine chooses, among all hyperplanes that separate the two classes, the one that maximises the	margin	likelihood|entropy|accuracy
machine learning	medium	Recall, also called sensitivity, equals the true positives divided by the sum of the true positives and the	false negatives	false positives|true negatives|all negatives
machine learning	hard	The maximum value of the derivative of the logistic sigmoid activation function is	0.25	0.5|1.0|0.75
machine learning	hard	He initialisation, designed for networks with ReLU activations, draws weights with a variance equal to	two over the fan-in	one over the fan-in|four over the fan-in|one over the fan-out
machine learning	hard	A language model that assigns probability 0.125 to every correct next token has a perplexity of	8	3|16|64
machine learning	easy	A support vector machine whose implicit feature map sends inputs into an infinite-dimensional space is using a	radial basis function kernel	linear kernel|quadratic polynomial kernel|cubic polynomial kernel
machine learning	hard	In the original dropout scheme, units are all kept at test time and their outgoing weights are multiplied by the	retention probability	dropout probability|learning rate|layer width
machine learning	hard	For softmax outputs trained with cross-entropy, the gradient of the loss with respect to the logits equals the predicted probabilities minus the	one-hot targets	raw logits|log-probabilities|mean probability
genetics	hard	In a cross between two individuals heterozygous at one autosomal locus with complete dominance, the expected ratio of dominant to recessive phenotypes is	3 to 1	1 to 1|2 to 1|1 to 3
genetics	easy	To reveal the genotype of an individual showing a dominant phenotype, a testcross mates it with an individual that is	homozygous recessive	homozygous dominant|heterozygous|hemizygous dominant
genetics	easy	Even for two loci far apart on the same chromosome, the recombination frequency measured in a single cross cannot exceed	50 percent	25 percent|75 percent|100 percent
genetics	easy	In genetic maps, a distance of one centimorgan corresponds to a recombination frequency between two loci of	1 percent	10 percent|5 percent|100 percent
genetics	hard	When homozygosity for a recessive allele at one gene masks a second gene, as in Labrador coat colour, the dihybrid F2 ratio is	9:3:4	9:7|12:3:1|9:6:1
genetics	easy	Geneticists decide whether two recessive mutations with the same phenotype affect the same gene by performing a	complementation test	fluctuation test|three-point testcross|chi-square test
genetics	hard	When a carrier mother and an unaffected father have a son, the probability that he shows their family's X-linked recessive disorder is	one half	one quarter|zero|three quarters
genetics	easy	In humans, mitochondrial DNA is transmitted to the next generation almost exclusively through the	maternal line	paternal line|Y chromosome|X chromosome
genetics	hard	In a population in Hardy-Weinberg equilibrium where the recessive allele has frequency 0.1, the expected frequency of heterozygotes is	0.18	0.09|0.01|0.81
genetics	medium	In Prader-Willi syndrome, the affected genes on chromosome 15q11-q13 are normally expressed only from the	paternal allele	maternal allele|dominant allele|mutant allele
genetics	medium	The tendency of trinucleotide repeat disorders such as myotonic dystrophy to appear earlier and more severely in successive generations is called	anticipation	penetrance|expressivity|imprinting
genetics	hard	The fraction of individuals with a given genotype who actually display the expected phenotype is known as that genotype's	penetrance	expressivity|heritability|dominance
genetics	medium	Most cases of trisomy 21 arise from chromosome nondisjunction during	maternal meiosis I	paternal meiosis I|paternal meiosis II|early embryonic mitosis
genetics	easy	In the nuclei of female mammalian cells, the inactivated X chromosome is visible as a condensed heterochromatic mass called the	Barr body	nucleolus|chromocenter|Cajal body
genetics	easy	X-chromosome inactivation in placental mammals is initiated by a long noncoding RNA that coats the future inactive X, named	XIST	TSIX|H19|HOTAIR
genetics	easy	Narrow-sense heritability is the proportion of phenotypic variance in a population that is attributable to	additive genetic effects	dominance genetic effects|all genetic effects|environmental effects
genetics	easy	In Drosophila, a fly carrying two X chromosomes and one Y chromosome with normal autosomes develops as	a fertile female	a fertile male|a sterile male|an intersex fly
genetics	easy	Transposable elements were first identified through studies of unstable kernel colour mutations in maize by	Barbara McClintock	Thomas Hunt Morgan|Rosalind Franklin|George Beadle
genetics	hard	In three-point mapping with a recessive tester strain, the rarest progeny classes, which reveal the middle gene, arise from	double crossovers	single crossovers|parental chromosomes|nondisjunction events
genetics	medium	Knudson formulated his two-hit hypothesis of tumour suppressor genes from the age-at-diagnosis statistics of	retinoblastoma	glioblastoma|osteosarcoma|colon carcinoma
molecular biology	easy	RNA polymerase lengthens a growing transcript by joining each incoming ribonucleotide to the chain's free	3' hydroxyl	5' phosphate|2' hydroxyl|5' hydroxyl
molecular biology	hard	Because DNA polymerase cannot start a new chain on its own, each lagging-strand fragment begins with a short RNA made by	primase	helicase|ligase|topoisomerase
molecular biology	hard	Positive supercoils that accumulate ahead of the replication fork in E. coli are removed mainly by	DNA gyrase	topoisomerase III|reverse gyrase|DNA helicase
molecular biology	medium	The proofreading activity that removes misincorporated nucleotides during DNA replication is carried out by a	3' to 5' exonuclease	5' to 3' exonuclease|3' to 5' endonuclease|5' to 3' endonuclease
molecular biology	easy	Removing the 5' to 3' exonuclease domain of E. coli DNA polymerase I by proteolysis yields the	Klenow fragment	Stoffel fragment|Okazaki fragment|Fab fragment
molecular biology	easy	Bacterial RNA polymerase core enzyme can recognise promoters only after binding an extra dissociable subunit called the	sigma factor	rho factor|TFIID complex|NusA protein
molecular biology	hard	Rho-independent terminators in bacteria consist of a GC-rich hairpin in the RNA followed by a string of	uridines	adenosines|guanosines|cytidines
molecular biology	hard	In E. coli promoters recognised by sigma 70, the consensus sequence TTGACA is centred near position	-35	-10|-25|+1
molecular biology	easy	In the first transesterification step of pre-mRNA intron removal, the 2' hydroxyl of the branch-point adenosine attacks the phosphate at the	5' splice site	3' splice site|polypyrimidine tract|5' cap structure
molecular biology	hard	Because the branch-point adenosine ends up joined by three phosphodiester bonds, the excised intron is released as a	lariat	circle|hairpin|duplex
molecular biology	hard	The 7-methylguanosine cap is joined to the first transcribed nucleotide of eukaryotic mRNA by a triphosphate bridge in the orientation	5' to 5'	3' to 5'|5' to 3'|2' to 5'
molecular biology	easy	Cleavage and polyadenylation of most mammalian pre-mRNAs occur 10 to 30 nucleotides downstream of the conserved hexamer	AAUAAA	GUAAGU|UUUUAU|UGUGUG
molecular biology	medium	Wobble pairing lets one tRNA read several synonymous codons because base pairing is relaxed at the codon's	third position	first position|second position|first two positions
molecular biology	medium	Of the 64 codons in the standard genetic code, the number that specify amino acids is	61	60|62|64
molecular biology	medium	In bacteria, the peptidyl transferase activity that forms peptide bonds resides in the large subunit's	23S rRNA	16S rRNA|5S rRNA|L2 protein
molecular biology	hard	In E. coli, the natural inducer that binds the lac repressor and releases it from the operator is	allolactose	galactose|glucose|cyclic AMP
molecular biology	easy	In attenuation of the E. coli trp operon, the choice between terminator and antiterminator hairpins depends on coupling transcription to	translation	replication|RNA splicing|DNA methylation
molecular biology	easy	In a nucleosome core particle, about 147 base pairs of DNA wrap around a histone	octamer	tetramer|hexamer|dimer
molecular biology	hard	The bacterial 70S ribosome is assembled from a large and a small subunit whose sedimentation coefficients are	50S and 30S	60S and 40S|40S and 30S|50S and 20S
molecular biology	easy	In bacteria, the Shine-Dalgarno sequence upstream of the start codon base-pairs with the 3' end of the	16S rRNA	23S rRNA|5S rRNA|18S rRNA
cell biology	hard	Soluble proteins bearing a C-terminal KDEL signal that escape to the Golgi are captured by receptors and returned to the	ER lumen	lysosome|nucleus|peroxisome
cell biology	medium	Soluble hydrolases tagged with mannose 6-phosphate in the cis-Golgi are sorted in the trans-Golgi network for delivery to	lysosomes	peroxisomes|mitochondria|secretory granules
cell biology	hard	Most proteins imported into the peroxisomal matrix carry a short C-terminal targeting signal with the sequence	SKL	KDEL|KKXX|RKR
cell biology	medium	The directionality of nuclear import and export through nuclear pores is set by a concentration gradient of the small GTPase	Ran	Rab|Ras|Rho
cell biology	easy	At anaphase onset, the protease separase triggers sister chromatid separation by cleaving the kleisin subunit of	cohesin	condensin|securin|shugoshin
cell biology	easy	The hollow cytoskeletal cylinders of thirteen protofilaments that form the mitotic spindle are assembled from heterodimers of	alpha and beta tubulin	actin and myosin|alpha and gamma tubulin|keratin and vimentin
cell biology	hard	The motor protein kinesin-1 transports vesicles along microtubules toward the	plus end	minus end|centrosome|nucleus
cell biology	easy	The cell contacts that seal neighbouring epithelial cells together and block diffusion of solutes between them are	tight junctions	gap junctions|desmosomes|adherens junctions
cell biology	easy	In vertebrates, the channels that directly connect the cytoplasm of adjacent cells at gap junctions are built from	connexins	cadherins|integrins|claudins
cell biology	medium	Homologous chromosomes are fully synapsed and crossing over is completed during the prophase I substage called	pachytene	leptotene|zygotene|diplotene
cell biology	easy	At the restriction point in G1, phosphorylation of the retinoblastoma protein by G1 cyclin-CDKs releases the transcription factor	E2F	p53|Myc|NF-kB
cell biology	easy	After DNA damage, p53 halts the cell cycle in G1 largely by inducing transcription of the CDK inhibitor	p21	p16|p27|p57
cell biology	easy	In the intrinsic pathway of apoptosis, the protein released from the mitochondrial intermembrane space that triggers apoptosome assembly is	cytochrome c	caspase 9|Smac/DIABLO|endonuclease G
cell biology	medium	Each cycle of the Na+/K+ pump hydrolyses one ATP, exports three sodium ions and imports	two potassium ions	three potassium ions|four potassium ions|two calcium ions
cell biology	easy	In the plasma membrane of healthy cells, phosphatidylserine is confined almost entirely to the	inner leaflet	outer leaflet|lipid rafts|glycocalyx
cell biology	hard	In hepatocytes, the membrane compartment that proliferates after phenobarbital treatment, expanding drug detoxification by cytochrome P450s, is the	smooth endoplasmic reticulum	rough endoplasmic reticulum|Golgi apparatus|outer mitochondrial membrane
cell biology	easy	In chloroplasts, the Calvin cycle enzymes that fix carbon dioxide are located in the	stroma	grana|lumen|matrix
cell biology	easy	In the central nervous system, the myelin sheaths around axons are produced by	oligodendrocytes	Schwann cells|astrocytes|microglia
cell biology	easy	During clathrin-mediated endocytosis, the GTPase that constricts and pinches off the neck of the budding vesicle is	dynamin	Rab5|Arf1|Sar1
cell biology	easy	The spindle assembly checkpoint delays sister chromatid separation by inhibiting the	anaphase-promoting complex	SCF ubiquitin ligase|Cdk1-cyclin B complex|condensin complex
biochemistry and proteins	hard	The first committed and most tightly regulated step of glycolysis is catalysed by	phosphofructokinase-1	phosphofructokinase-2|pyruvate kinase|phosphoglycerate kinase
biochemistry and proteins	easy	Anaerobic glycolysis of one glucose molecule to two lactate molecules yields a net gain of	two ATP	four ATP|one ATP|six ATP
biochemistry and proteins	hard	Within the mitochondrial respiratory chain, the complex that transfers electrons from cytochrome c to oxygen is	complex IV	complex II|complex III|complex V
biochemistry and proteins	easy	Disulfide bridges that stabilise many secreted proteins form between the side chains of	cysteine residues	methionine residues|serine residues|histidine residues
biochemistry and proteins	easy	In Michaelis-Menten kinetics, the Km is the substrate concentration at which the initial reaction velocity equals	half of Vmax	Vmax itself|a quarter of Vmax|twice Vmax
biochemistry and proteins	hard	Because it has a single haem and binds oxygen without cooperativity, myoglobin's oxygen-saturation curve is	hyperbolic	sigmoidal|linear|biphasic
biochemistry and proteins	hard	Enzymes that transfer the terminal phosphate group of ATP to a substrate are called	kinases	phosphatases|phosphorylases|synthases
biochemistry and proteins	hard	The branch points of glycogen are made by glycosidic linkages of the type	alpha-1,6	alpha-1,4|beta-1,4|beta-1,6
biochemistry and proteins	easy	In the citric acid cycle, the only enzyme embedded in the inner mitochondrial membrane rather than dissolved in the matrix is	succinate dehydrogenase	malate dehydrogenase|isocitrate dehydrogenase|alpha-ketoglutarate dehydrogenase
biochemistry and proteins	hard	The amino acid that most disrupts alpha helices, because its side chain is bonded back to its own backbone nitrogen, is	proline	glycine|alanine|tryptophan
biochemistry and proteins	hard	The amino acid side chain with a pKa near 6, allowing it to donate or accept protons at physiological pH, belongs to	histidine	lysine|cysteine|aspartate
biochemistry and proteins	medium	Long-chain fatty acyl groups cross the inner mitochondrial membrane for beta-oxidation while esterified to	carnitine	coenzyme A|lipoic acid|albumin
biochemistry and proteins	easy	Trypsin cleaves polypeptides specifically on the carboxyl side of the residues	lysine and arginine	phenylalanine and tyrosine|aspartate and glutamate|glycine and alanine
biochemistry and proteins	easy	Anfinsen's refolding experiments with ribonuclease A showed that a protein's native three-dimensional structure is specified by its	amino acid sequence	disulfide bonds|chaperone proteins|cellular environment
biochemistry and proteins	hard	In an alpha helix, the backbone carbonyl oxygen of residue i forms a hydrogen bond with the amide hydrogen of residue	i + 4	i + 3|i + 2|i + 5
biochemistry and proteins	hard	The biotin-dependent gluconeogenic enzyme that is allosterically activated by acetyl-CoA is	pyruvate carboxylase	PEP carboxykinase|pyruvate dehydrogenase|acetyl-CoA carboxylase
biochemistry and proteins	hard	In the urea cycle, the second nitrogen atom of urea is supplied directly by the amino acid	aspartate	glutamate|glutamine|alanine
biochemistry and proteins	hard	2,3-Bisphosphoglycerate lowers the oxygen affinity of adult deoxyhaemoglobin by binding in the central cavity between its two	beta subunits	alpha subunits|haem groups|gamma subunits
biochemistry and proteins	hard	Polyubiquitin chains that most commonly target proteins to the 26S proteasome are linked through lysine	48	63|33|6
biochemistry and proteins	easy	Coenzyme A is synthesised in cells from the B vitamin	pantothenic acid	riboflavin|nicotinic acid|folic acid
medicine and physiology	easy	The hormone secreted by chromaffin cells that raises heart rate and relaxes bronchial smooth muscle during acute stress is	adrenaline	cortisol|aldosterone|vasopressin
medicine and physiology	easy	Antidiuretic hormone increases water reabsorption by inserting water channels into the apical membranes of cells lining the	collecting ducts	proximal tubules|thick ascending limbs|glomerular capillaries
medicine and physiology	easy	In the healthy heart, greater venous return stretches the ventricular muscle and makes stroke volume	increase	decrease|stay constant|fluctuate
medicine and physiology	easy	In a healthy kidney, most of the filtered sodium and water is reabsorbed in the	proximal tubule	distal tubule|collecting duct|loop of Henle
medicine and physiology	easy	In the heart, the brief pause in conduction that lets the upper chambers finish emptying before the lower chambers contract occurs at the	atrioventricular node	sinoatrial node|bundle of His|Purkinje fibres
medicine and physiology	hard	In primary hypothyroidism caused by Hashimoto thyroiditis, the serum concentration of thyroid-stimulating hormone is typically	high	low|normal|absent
medicine and physiology	hard	On an electrocardiogram, repolarisation of the ventricles produces the	T wave	P wave|QRS complex|Q wave
medicine and physiology	easy	The hormone released by peritubular interstitial cells of the kidney when tissue oxygen delivery falls is	erythropoietin	thrombopoietin|calcitriol|angiotensin II
medicine and physiology	medium	In chronic respiratory acidosis, renal compensation causes the plasma bicarbonate concentration to	increase	decrease|stay unchanged|normalise
medicine and physiology	hard	Compared with adult haemoglobin, fetal haemoglobin has a higher oxygen affinity mainly because it binds poorly to	2,3-bisphosphoglycerate	carbon dioxide|hydrogen ions|nitric oxide
medicine and physiology	easy	In a healthy young adult, the combined glomerular filtration rate of both kidneys is roughly	125 mL per minute	40 mL per minute|650 mL per minute|1200 mL per minute
medicine and physiology	hard	The hormone that acts on principal cells of the collecting duct to increase sodium reabsorption and potassium secretion is	aldosterone	cortisol|angiotensin II|parathyroid hormone
medicine and physiology	hard	In sinoatrial node cells, the upstroke of the action potential is carried mainly by an inward current of	calcium ions	sodium ions|potassium ions|chloride ions
medicine and physiology	easy	The volume of air still left in the lungs after the most forceful possible expiration is the	residual volume	functional residual capacity|expiratory reserve volume|tidal volume
medicine and physiology	hard	Hepcidin, the liver hormone that controls iron balance, lowers plasma iron by triggering internalisation and degradation of	ferroportin	transferrin|ferritin|hephaestin
medicine and physiology	hard	In primary hyperaldosteronism caused by an adrenal adenoma, plasma renin activity is typically	suppressed	elevated|normal|doubled
medicine and physiology	hard	Congenital nephrogenic diabetes insipidus is most often caused by mutations in the gene encoding the	V2 vasopressin receptor	V1a vasopressin receptor|oxytocin receptor|mineralocorticoid receptor
medicine and physiology	medium	Liddle syndrome, an inherited form of low-renin hypertension, is caused by gain-of-function mutations in the renal	epithelial sodium channel	Na-Cl cotransporter|Na-K-2Cl cotransporter|mineralocorticoid receptor
medicine and physiology	easy	The incretin hormone released by intestinal L cells that amplifies insulin secretion after a meal is	GLP-1	GIP|PYY|CCK
medicine and physiology	hard	In the distal nephron, 11-beta-hydroxysteroid dehydrogenase type 2 shields the mineralocorticoid receptor by converting the main human glucocorticoid into inactive	cortisone	corticosterone|pregnenolone|aldosterone
histology and anatomy	easy	The bone cells that secrete new unmineralised matrix and later become embedded within it are	osteoblasts	osteoclasts|chondroblasts|fibroblasts
histology and anatomy	easy	In skeletal muscle, the repeating contractile unit that lies between two adjacent Z discs is the	sarcomere	myofibril|sarcolemma|T tubule
histology and anatomy	easy	Blood flowing from the left atrium into the left ventricle passes through the	mitral valve	tricuspid valve|aortic valve|pulmonary valve
histology and anatomy	easy	The part of the brain that coordinates balance and the precise timing of voluntary movements is the	cerebellum	hypothalamus|thalamus|hippocampus
histology and anatomy	easy	In the small intestine, the finger-like projections of the mucosa that enlarge the absorptive surface are called	villi	crypts|rugae|cilia
histology and anatomy	medium	In the peripheral nervous system, the myelin sheath around axons is formed by	Schwann cells	oligodendrocytes|astrocytes|satellite cells
histology and anatomy	easy	The cranial nerve that carries parasympathetic fibres to the heart, lungs and most of the gut is the	vagus nerve	facial nerve|hypoglossal nerve|accessory nerve
histology and anatomy	easy	In the human stomach, intrinsic factor required for vitamin B12 absorption is secreted by	parietal cells	chief cells|mucous neck cells|enteroendocrine cells
histology and anatomy	hard	At the base of the small intestinal crypts, the cells that secrete lysozyme and defensins are	Paneth cells	goblet cells|enteroendocrine cells|tuft cells
histology and anatomy	hard	In the renal glomerulus, the epithelial cells whose interdigitating processes form filtration slits around the capillaries are	podocytes	mesangial cells|pericytes|endothelial cells
histology and anatomy	easy	The resident macrophages that line the sinusoids of the liver are known as	Kupffer cells	stellate cells|Langerhans cells|microglia
histology and anatomy	medium	Aldosterone is synthesised in the adrenal gland by cells of the	zona glomerulosa	zona fasciculata|zona reticularis|adrenal medulla
histology and anatomy	hard	Peyer's patches, the large aggregates of lymphoid follicles in the gut wall, are most abundant in the	ileum	duodenum|jejunum|colon
histology and anatomy	medium	The phrenic nerve, which supplies the diaphragm, arises mainly from the spinal roots	C3 to C5	C1 to C3|C5 to C7|C6 to C8
histology and anatomy	medium	In the liver, most of the body's vitamin A is stored in the space of Disse by	stellate cells	Kupffer cells|cholangiocytes|pit cells
histology and anatomy	easy	Tennis-racket-shaped Birbeck granules seen by electron microscopy are a hallmark of	Langerhans cells	Merkel cells|melanocytes|mast cells
histology and anatomy	hard	The Weibel-Palade bodies of endothelial cells store von Willebrand factor together with the adhesion molecule	P-selectin	E-selectin|L-selectin|ICAM-1
histology and anatomy	hard	Purkinje cells, whose axons carry the only output of the cerebellar cortex, are	GABAergic	glutamatergic|cholinergic|dopaminergic
histology and anatomy	easy	In most people, the artery supplying the sinoatrial node is a branch of the	right coronary artery	left circumflex artery|left anterior descending artery|internal thoracic artery
histology and anatomy	hard	On the left side, the recurrent laryngeal nerve loops upward around the	aortic arch	subclavian artery|pulmonary trunk|brachiocephalic trunk
pharmacology and drug discovery	medium	Low-dose aspirin reduces platelet aggregation because it irreversibly acetylates the enzyme	cyclooxygenase	lipoxygenase|phospholipase A2|thromboxane synthase
pharmacology and drug discovery	easy	Penicillin and other beta-lactam antibiotics kill growing bacteria by preventing the synthesis of their	cell walls	cell membranes|ribosomes|nucleic acids
pharmacology and drug discovery	medium	Omeprazole reduces gastric acid secretion by irreversibly inhibiting the parietal cell	H+/K+ ATPase	Na+/K+ ATPase|H2 receptor|M3 receptor
pharmacology and drug discovery	hard	Salbutamol relieves bronchospasm in asthma by stimulating airway smooth muscle	beta-2 adrenoceptors	beta-1 adrenoceptors|muscarinic M3 receptors|alpha-1 adrenoceptors
pharmacology and drug discovery	easy	A drug that activates its receptor but produces only a submaximal response even when every receptor is occupied is called	a partial agonist	an inverse agonist|a competitive antagonist|a full agonist
pharmacology and drug discovery	easy	Morphine and fentanyl produce their analgesic effect mainly by activating	mu opioid receptors	kappa opioid receptors|delta opioid receptors|NMDA receptors
pharmacology and drug discovery	easy	Glyceryl trinitrate tablets for angina are placed under the tongue rather than swallowed mainly to avoid	first-pass metabolism	renal excretion|plasma protein binding|biliary excretion
pharmacology and drug discovery	medium	Heparin produces its anticoagulant effect mainly by greatly enhancing the activity of	antithrombin	protein C|plasminogen|tissue factor
pharmacology and drug discovery	easy	Thiazide diuretics lower blood pressure partly by blocking the sodium-chloride cotransporter in the	distal convoluted tubule	thick ascending limb|proximal tubule|collecting duct
pharmacology and drug discovery	hard	Ondansetron prevents chemotherapy-induced nausea and vomiting by blocking	5-HT3 receptors	dopamine D2 receptors|histamine H1 receptors|NK1 receptors
pharmacology and drug discovery	easy	Imatinib transformed the treatment of chronic myeloid leukaemia by inhibiting the tyrosine kinase activity of	BCR-ABL	EGFR|JAK2|FLT3
pharmacology and drug discovery	hard	ACE inhibitors cause a persistent dry cough in some patients, which is attributed to reduced breakdown of	bradykinin	angiotensin II|histamine|leukotrienes
pharmacology and drug discovery	hard	When a drug is infused at a constant rate, its plasma concentration reaches about 97 percent of the steady-state level after	five half-lives	three half-lives|ten half-lives|two half-lives
pharmacology and drug discovery	easy	Allopurinol lowers serum uric acid in gout by inhibiting	xanthine oxidase	urate oxidase|adenosine deaminase|purine nucleoside phosphorylase
pharmacology and drug discovery	hard	Clopidogrel inhibits platelet aggregation because its active metabolite irreversibly blocks the platelet	P2Y12 receptor	thromboxane receptor|PAR-1 receptor|glycoprotein IIb/IIIa
pharmacology and drug discovery	hard	Preclinical safety pharmacology screens drug candidates for QT prolongation risk by measuring block of the potassium channel encoded by	KCNH2	KCNQ1|SCN5A|KCNJ2
pharmacology and drug discovery	hard	Lipinski's rule of five flags likely poor oral absorption when, among other criteria, a compound's molecular weight exceeds	500 daltons	300 daltons|1000 daltons|5000 daltons
pharmacology and drug discovery	hard	In high-throughput screening, the Z-prime factor is a statistic used mainly to judge	assay quality	compound potency|target selectivity|drug solubility
pharmacology and drug discovery	easy	Screening for HLA-B*57:01 before prescribing abacavir is done to prevent	hypersensitivity reactions	lactic acidosis|peripheral neuropathy|bone marrow suppression
pharmacology and drug discovery	easy	Codeine relieves pain largely after it is converted to morphine by the liver enzyme	CYP2D6	CYP3A4|CYP2C9|CYP2C19
databases and biobanks	easy	Atomic coordinates of experimentally solved protein structures are deposited in the archive abbreviated	PDB	GEO|SRA|KEGG
databases and biobanks	easy	At NCBI, unprocessed data from high-throughput sequencing experiments are deposited in the repository abbreviated	SRA	dbSNP|dbVar|OMIM
databases and biobanks	easy	The UniProt knowledgebase is primarily a curated resource of	protein sequences	protein structures|protein interactions|protein abundances
databases and biobanks	easy	Diagnostic laboratories deposit their classifications of human sequence changes as pathogenic or benign in the public archive	ClinVar	gnomAD|COSMIC|OMIM
databases and biobanks	easy	UK Biobank recruited about half a million participants aged	40 to 69	18 to 40|20 to 49|60 to 89
databases and biobanks	easy	Microarray gene expression datasets described in publications are commonly deposited in the NCBI repository	GEO	dbSNP|OMIM|dbVar
databases and biobanks	medium	KEGG is best known as a collection of manually drawn maps of	metabolic pathways	protein structures|protein domains|gene expression
databases and biobanks	hard	gnomAD, which aggregates exome and genome sequencing data from many studies, is mainly consulted to obtain a variant's	population allele frequency	clinical significance|protein structure|tissue expression
databases and biobanks	hard	The largest expert-curated catalogue of somatic mutations found in human cancers is	COSMIC	ClinVar|gnomAD|OMIM
databases and biobanks	easy	FinnGen links genotype data from Finnish biobank samples to lifelong health outcomes drawn from	national health registries	self-reported surveys|wearable devices|smartphone apps
databases and biobanks	easy	The curated database of published SNP-trait associations run jointly by NHGRI and EMBL-EBI is the	GWAS Catalog	GWAS Atlas|PheWAS Catalog|GTEx Portal
databases and biobanks	hard	Individual-level data from NIH-funded human genetic studies are shared under controlled access through NCBI's	dbGaP	dbSNP|ClinVar|dbVar
databases and biobanks	easy	The ENCODE consortium set out to identify, across the human genome, all	functional elements	protein structures|population variants|metabolic reactions
databases and biobanks	easy	In dbSNP, each clustered variant record receives a stable identifier beginning with the letters	rs	ss|NM|NP
databases and biobanks	hard	Most tissue samples in the GTEx project were collected from	deceased donors	living volunteers|cancer patients|surgical biopsies
databases and biobanks	easy	UK Biobank enrolled its participants at assessment centres between	2006 and 2010	1996 and 2000|2012 and 2016|2001 and 2005
databases and biobanks	hard	The China Kadoorie Biobank recruited about half a million adults from	ten regions	five regions|three regions|twenty regions
databases and biobanks	hard	Biobank Japan collected DNA and clinical information mainly from	hospital patients	healthy volunteers|twin pairs|newborn infants
databases and biobanks	hard	The final phase of the 1000 Genomes Project sequenced 2,504 individuals drawn from	26 populations	14 populations|51 populations|11 populations
databases and biobanks	easy	The human reference genome build released in 2009, still used by many older GWAS datasets, is	GRCh37	GRCh38|NCBI36|NCBI35
