time,event,name,status,step,total_steps,params,non_embedding_params,d_model,layers,heads,kv_heads,ctx,vocab,tokens_seen,tokens_per_step,lr,z_loss,dataset,best_val,best_step,last_val,last_bpb,last_ppl,benchmark_accuracy,benchmark_floor,benchmark_items,tok_s,device,train_hours,run_hours,energy_kwh,co2e_kg,cost_gbp,checkpoint,notes
2026-09-29T23:30:17+01:00,reference benchmark,HuggingFaceTB/SmolLM2-135M,,,,134515008,,576,30,9,3,,49152,,,,,,,,,,,0.381,,336,,,,,,,,,probes_biology.tsv; calibrate_probes.py
2026-09-29T23:30:44+01:00,reference benchmark,HuggingFaceTB/SmolLM2-360M,,,,361821120,,960,32,15,5,,49152,,,,,,,,,,,0.515,,336,,,,,,,,,probes_biology.tsv; calibrate_probes.py
2026-09-29T23:32:59+01:00,reference benchmark,TinyLlama/TinyLlama-1.1B-intermediate-step-1431k-3T,,,,1100048384,,2048,22,32,4,,32000,,,,,,,,,,,0.429,,336,,,,,,,,,probes_biology.tsv; calibrate_probes.py
2026-09-29T23:35:44+01:00,reference benchmark,HuggingFaceTB/SmolLM2-1.7B,,,,1711376384,,2048,24,32,32,,49152,,,,,,,,,,,0.676,,336,,,,,,,,,probes_biology.tsv; calibrate_probes.py
2026-09-30T07:07:13+01:00,training run,tinyGPT,interrupted,3355,12346,36579840,28191232,512,10,8,2,512,16384,439746560,131072,0.000812,0.0001,bio_v3,3.0874,3200,3.0874,1.2566,21.92,0.268,0.273,,25184,,5.13,,,,,~\local-ai\tinyGPT.pt,
2026-09-30T07:22:14+01:00,training run,tinyGPT,interrupted,3509,12346,36579840,28191232,512,10,8,2,512,16384,459931648,131072,0.000812,0.0001,bio_v3,3.074,3400,3.074,1.2479,21.63,0.277,0.271,,23345,,5.37,,,,,~\local-ai\tinyGPT.pt,
2026-10-01T05:38:32+01:00,training run,tinyGPT,interrupted,5005,14081,69975680,59489920,640,12,10,10,1024,16384,656015360,131072,0.000668,0.0001,bio_all,3.1004,5000,3.1004,1.2281,22.21,0.286,0.278,,23063,cuda,8.17,8.33,0.564,0.0705,0.15,~\local-ai\tinyGPT.pt,
2026-10-01T06:00:45+01:00,training run,tinyGPT,interrupted,5200,14081,69975680,59489920,640,12,10,10,1024,16384,681574400,131072,0.000668,0.0001,bio_all,3.0919,5200,3.0919,1.2248,22.02,0.271,0.274,,20799,cuda,8.52,8.69,0.586,0.0733,0.16,~\local-ai\tinyGPT.pt,
2026-10-01T10:41:06+01:00,training run,tinyGPT,interrupted,6419,14081,69975680,59489920,640,12,10,10,1024,16384,841351168,131072,0.000668,0.0001,bio_all,3.0547,6400,3.0547,1.21,21.21,0.265,0.267,,7675,cuda,11.72,11.96,0.749,0.0937,0.2,~\local-ai\tinyGPT.pt,
2026-10-01T11:59:01+01:00,training run,tinyGPT,interrupted,6673,14081,69975680,59489920,640,12,10,10,1024,16384,874643456,131072,0.000668,0.0001,bio_all,3.0484,6600,3.0484,1.2075,21.08,0.321,0.278,,7350,cuda,12.98,13.25,0.798,0.0998,0.21,~\local-ai\tinyGPT.pt,
2026-10-01T14:21:37+01:00,training run,tinyGPT,interrupted,6932,14081,69975680,59489920,640,12,10,10,1024,16384,908591104,131072,0.000668,0.0001,bio_all,3.0405,6800,3.0405,1.2044,20.92,0.283,0.290,,10534,cuda,14.12,14.41,0.847,0.1059,0.22,~\local-ai\tinyGPT.pt,
2026-10-01T15:00:27+01:00,training run,tinyGPT,interrupted,7121,14081,69975680,59489920,640,12,10,10,1024,16384,933363712,131072,0.000668,0.0001,bio_all,3.0321,7000,3.0321,1.2008,20.74,0.268,0.288,,8078,cuda,14.70,15.02,0.876,0.1095,0.23,~\local-ai\tinyGPT.pt,
